{"cameraMode":{"drawMode":0,"name":"Shaded","section":"Shading Mode"},"sceneLighting":false,"audioPlay":false,"sceneViewState":{"showFog":true,"showMaterialUpdate":false,"showSkybox":false,"showFlares":true,"showImageEffects":true,"showParticleSystems":true,"showVisualEffectGraphs":true,"m_FxEnabled":true},"in2DMode":false,"pivot":{"x":-2.6066722869873049,"y":1.0365045070648194,"z":37.621131896972659},"rotation":{"x":0.0012031425721943379,"y":-0.8216219544410706,"z":0.5700957179069519,"w":0.0017271622782573104},"size":2.1073126792907717,"orthographic":false}